{"cameraMode":{"drawMode":0,"name":"Shaded","section":"Shading Mode"},"sceneLighting":false,"audioPlay":false,"sceneViewState":{"m_AlwaysRefresh":false,"showFog":true,"showSkybox":false,"showFlares":true,"showImageEffects":true,"showParticleSystems":true,"showVisualEffectGraphs":true,"m_FxEnabled":true},"in2DMode":false,"pivot":{"x":-0.09827464818954468,"y":0.7385375499725342,"z":0.25754714012145998},"rotation":{"x":0.06881844252347946,"y":-0.891273558139801,"z":0.42429569363594057,"w":0.14455623924732209},"size":2.3425862789154054,"orthographic":false}