{"cameraMode":{"drawMode":0,"name":"Shaded","section":"Shading Mode"},"sceneLighting":false,"audioPlay":false,"sceneViewState":{"m_AlwaysRefresh":false,"showFog":true,"showSkybox":false,"showFlares":true,"showImageEffects":true,"showParticleSystems":true,"showVisualEffectGraphs":true,"m_FxEnabled":true},"in2DMode":false,"pivot":{"x":-0.00842258334159851,"y":0.4550304412841797,"z":0.2647714614868164},"rotation":{"x":-0.2597050964832306,"y":-0.025493135675787927,"z":0.006858231499791145,"w":-0.9653321504592896},"size":2.9660251140594484,"orthographic":false}