{"cameraMode":{"drawMode":0,"name":"Shaded","section":"Shading Mode"},"sceneLighting":false,"audioPlay":false,"sceneViewState":{"m_AlwaysRefresh":false,"showFog":true,"showSkybox":false,"showFlares":true,"showImageEffects":true,"showParticleSystems":true,"showVisualEffectGraphs":true,"m_FxEnabled":true},"in2DMode":false,"pivot":{"x":3.6604857444763185,"y":0.8464422225952148,"z":1.9420723915100098},"rotation":{"x":0.10437788814306259,"y":0.4493294358253479,"z":-0.052954357117414477,"w":0.8856756091117859},"size":5.755412578582764,"orthographic":false}